timestamp,frame_num,action,reasoning,detected_objects
1775716515.1561706,0,STOP,Critical: Dynamic 'person' close (1.10m),tv(unknown | d:9.10m | r:0.05); person(dynamic_obstacles | d:1.10m | r:2.49)
1775716515.9383628,1,STOP,Critical: Dynamic 'person' close (1.15m),tv(unknown | d:10.00m | r:0.05); person(dynamic_obstacles | d:1.15m | r:2.40)
1775716516.8624191,2,STOP,Critical: Dynamic 'person' close (1.24m),person(dynamic_obstacles | d:1.24m | r:2.23); tv(unknown | d:7.65m | r:0.06)
1775716518.0348825,3,STOP,Critical: Dynamic 'person' close (1.31m),person(dynamic_obstacles | d:1.31m | r:2.13); tv(unknown | d:8.58m | r:0.06)
1775716519.0663395,4,STOP,Critical: Dynamic 'person' close (1.29m),person(dynamic_obstacles | d:1.29m | r:2.16); tv(unknown | d:9.15m | r:0.05)
1775716520.0500882,5,STOP,Critical: Dynamic 'person' close (1.09m),person(dynamic_obstacles | d:1.09m | r:2.52); tv(unknown | d:10.00m | r:0.05)
1775716520.7647488,6,STOP,Critical: Dynamic 'person' close (1.20m),tv(unknown | d:10.00m | r:0.05); person(dynamic_obstacles | d:1.20m | r:2.30)
1775716521.5184937,7,STOP,Critical: Dynamic 'person' close (1.21m),person(dynamic_obstacles | d:1.21m | r:2.30); tv(unknown | d:10.00m | r:0.05)
1775716522.462198,8,STOP,Critical: Dynamic 'person' close (1.17m),person(dynamic_obstacles | d:1.17m | r:2.36); tv(unknown | d:10.00m | r:0.05)
1775716523.0190034,9,STOP,Critical: Dynamic 'person' close (1.19m),tv(unknown | d:10.00m | r:0.05); person(dynamic_obstacles | d:1.19m | r:2.33)
1775716523.4780812,10,STOP,Critical: Dynamic 'person' close (1.18m),person(dynamic_obstacles | d:1.18m | r:2.34); tv(unknown | d:10.00m | r:0.05)
1775716523.926542,11,STOP,Critical: Dynamic 'person' close (1.24m),tv(unknown | d:10.00m | r:0.05); person(dynamic_obstacles | d:1.24m | r:2.24)
1775716524.4721777,12,STOP,Critical: Dynamic 'person' close (1.34m),person(dynamic_obstacles | d:1.34m | r:2.09)
1775716525.288623,13,TURN_LEFT,"Center risky (1.3), moving to safest: Left (0.1)",person(dynamic_obstacles | d:5.67m | r:0.52)
1775716526.035547,14,TURN_LEFT,"Center risky (1.6), moving to safest: Left (0.1)",person(dynamic_obstacles | d:3.88m | r:0.75)
1775716526.9752269,15,STOP,Critical: Dynamic 'person' close (1.21m),person(dynamic_obstacles | d:1.21m | r:2.29)
1775716527.7103493,16,STOP,Critical: Dynamic 'person' close (1.22m),person(dynamic_obstacles | d:1.22m | r:2.27)
1775716528.4449127,17,STOP,Critical: Dynamic 'person' close (1.23m),person(dynamic_obstacles | d:1.23m | r:2.26)
1775716529.0714443,18,TURN_RIGHT,"Center risky (1.3), moving to safest: Right (0.1)",person(dynamic_obstacles | d:6.84m | r:0.43); tv(unknown | d:3.36m | r:0.14)
1775716529.5393534,19,TURN_LEFT,"Center risky (1.5), moving to safest: Left (0.1)",person(dynamic_obstacles | d:4.65m | r:0.63)
1775716530.0084045,20,TURN_RIGHT,"Center risky (2.0), moving to safest: Right (0.1)",person(dynamic_obstacles | d:2.51m | r:1.15)
1775716530.4666617,21,STOP,Critical: Dynamic 'person' close (1.25m),person(dynamic_obstacles | d:1.25m | r:2.22)
1775716530.953042,22,STOP,Critical: Dynamic 'person' close (1.25m),person(dynamic_obstacles | d:1.25m | r:2.22)
1775716531.4765897,23,STOP,Critical: Dynamic 'person' close (1.26m),person(dynamic_obstacles | d:1.26m | r:2.21)
1775716532.1350727,24,STOP,Critical: Dynamic 'person' close (1.29m),person(dynamic_obstacles | d:1.29m | r:2.15)
1775716532.8691123,25,STOP,Critical: Dynamic 'person' close (1.26m),person(dynamic_obstacles | d:1.26m | r:2.21)
1775716533.4449794,26,TURN_LEFT,"Center risky (1.7), moving to safest: Left (0.1)",person(dynamic_obstacles | d:3.45m | r:0.85)
1775716533.9816873,27,STOP,Critical: Dynamic 'person' close (1.95m),person(dynamic_obstacles | d:1.95m | r:1.46)
1775716534.6369975,28,STOP,Critical: Dynamic 'person' close (1.89m),person(dynamic_obstacles | d:1.89m | r:1.51)
1775716535.0832524,29,TURN_LEFT,"Center risky (2.1), moving to safest: Left (0.1)",person(dynamic_obstacles | d:2.28m | r:1.26)
1775716535.5338829,30,STOP,Critical: Dynamic 'person' close (1.22m),person(dynamic_obstacles | d:1.22m | r:2.27)
1775716536.0493047,31,STOP,Critical: Dynamic 'person' close (1.13m),person(dynamic_obstacles | d:1.13m | r:2.44)
1775716536.5100915,32,STOP,Critical: Dynamic 'person' close (1.13m),person(dynamic_obstacles | d:1.13m | r:2.44)
1775716536.980574,33,STOP,Critical: Dynamic 'person' close (1.13m),person(dynamic_obstacles | d:1.13m | r:2.43)
1775716537.4774861,34,STOP,Critical: Dynamic 'person' close (1.13m),person(dynamic_obstacles | d:1.13m | r:2.43)
1775716537.9359455,35,STOP,Critical: Dynamic 'person' close (1.14m),person(dynamic_obstacles | d:1.14m | r:2.42)
1775716538.490615,36,STOP,Critical: Dynamic 'person' close (1.18m),person(dynamic_obstacles | d:1.18m | r:2.34)
1775716538.9279087,37,STOP,Critical: Dynamic 'person' close (1.17m),person(dynamic_obstacles | d:1.17m | r:2.36)
1775716539.3977377,38,STOP,Critical: Dynamic 'person' close (1.17m),person(dynamic_obstacles | d:1.17m | r:2.37)
1775716539.8652043,39,STOP,Critical: Dynamic 'person' close (1.17m),person(dynamic_obstacles | d:1.17m | r:2.36)
1775716540.3203175,40,STOP,Critical: Dynamic 'person' close (1.15m),person(dynamic_obstacles | d:1.15m | r:2.41)
1775716540.8225791,41,STOP,Critical: Dynamic 'person' close (1.14m),person(dynamic_obstacles | d:1.14m | r:2.42)
1775716541.2687304,42,STOP,Critical: Dynamic 'person' close (1.16m),person(dynamic_obstacles | d:1.16m | r:2.38)
1775716541.731864,43,STOP,Critical: Dynamic 'person' close (1.17m),person(dynamic_obstacles | d:1.17m | r:2.36)
1775716542.1818085,44,STOP,Critical: Dynamic 'person' close (1.16m),person(dynamic_obstacles | d:1.16m | r:2.38)
1775716542.7138023,45,STOP,Critical: Dynamic 'person' close (1.13m),person(dynamic_obstacles | d:1.13m | r:2.44)
1775716543.244219,46,STOP,Critical: Dynamic 'person' close (1.14m),person(dynamic_obstacles | d:1.14m | r:2.42)
1775716543.7199905,47,STOP,Critical: Dynamic 'person' close (1.16m),person(dynamic_obstacles | d:1.16m | r:2.37)
1775716544.1888962,48,STOP,Critical: Dynamic 'person' close (1.19m),person(dynamic_obstacles | d:1.19m | r:2.32)
1775716544.731797,49,STOP,Critical: Dynamic 'person' close (1.34m),person(dynamic_obstacles | d:1.34m | r:2.08)
1775716545.2569857,50,STOP,Critical: Dynamic 'person' close (1.51m),person(dynamic_obstacles | d:1.51m | r:1.86)
1775716545.7553594,51,STOP,Critical: Dynamic 'person' close (1.29m),person(dynamic_obstacles | d:1.29m | r:2.16)
1775716546.2292244,52,STOP,Critical: Dynamic 'person' close (1.22m),person(dynamic_obstacles | d:1.22m | r:2.27)
1775716546.709756,53,STOP,Critical: Dynamic 'person' close (1.19m),person(dynamic_obstacles | d:1.19m | r:2.33); tv(unknown | d:3.61m | r:0.13)
1775716547.1915586,54,STOP,Critical: Dynamic 'person' close (1.15m),person(dynamic_obstacles | d:1.15m | r:2.40)
1775716547.7416298,55,STOP,Critical: Dynamic 'person' close (1.20m),person(dynamic_obstacles | d:1.20m | r:2.30)
1775716548.2090974,56,STOP,Critical: Dynamic 'person' close (1.13m),person(dynamic_obstacles | d:1.13m | r:2.44)
1775716548.7110639,57,STOP,Critical: Dynamic 'person' close (1.13m),person(dynamic_obstacles | d:1.13m | r:2.43)
1775716549.1996784,58,STOP,Critical: Dynamic 'person' close (1.16m),person(dynamic_obstacles | d:1.16m | r:2.38)
1775716549.7769163,59,STOP,Critical: Dynamic 'person' close (1.17m),person(dynamic_obstacles | d:1.17m | r:2.36)
1775716550.2731223,60,STOP,Critical: Dynamic 'person' close (1.19m),person(dynamic_obstacles | d:1.19m | r:2.32)
1775716550.7968361,61,STOP,Critical: Dynamic 'person' close (1.16m),person(dynamic_obstacles | d:1.16m | r:2.38)
1775716551.3020928,62,STOP,Critical: Dynamic 'person' close (1.34m),person(dynamic_obstacles | d:1.34m | r:2.08); tv(unknown | d:2.41m | r:0.20); tv(unknown | d:3.32m | r:0.15); refrigerator(unknown | d:5.25m | r:0.09)
1775716551.8337512,63,STOP,Critical: Dynamic 'person' close (1.29m),person(dynamic_obstacles | d:1.29m | r:2.17); tv(unknown | d:2.69m | r:0.18); tv(unknown | d:3.65m | r:0.13)
1775716552.3069355,64,STOP,Critical: Dynamic 'person' close (1.22m),person(dynamic_obstacles | d:1.22m | r:2.27); tv(unknown | d:2.24m | r:0.21); refrigerator(unknown | d:4.62m | r:0.11)
1775716552.770508,65,STOP,Critical: Dynamic 'person' close (1.17m),person(dynamic_obstacles | d:1.17m | r:2.36); tv(unknown | d:2.98m | r:0.16); refrigerator(unknown | d:5.17m | r:0.09)
1775716553.212787,66,STOP,Critical: Dynamic 'person' close (1.22m),person(dynamic_obstacles | d:1.22m | r:2.28); tv(unknown | d:2.86m | r:0.17)
1775716553.6656995,67,STOP,Critical: Dynamic 'person' close (1.77m),person(dynamic_obstacles | d:1.77m | r:1.61)
1775716554.1927924,68,STOP,Critical: Dynamic 'person' close (1.19m),person(dynamic_obstacles | d:1.19m | r:2.33)
1775716554.6744642,69,STOP,Critical: Dynamic 'person' close (1.15m),person(dynamic_obstacles | d:1.15m | r:2.41)
1775716555.4607475,70,STOP,Critical: Dynamic 'person' close (1.18m),person(dynamic_obstacles | d:1.18m | r:2.35)
1775716555.961482,71,STOP,Critical: Dynamic 'person' close (1.10m),person(dynamic_obstacles | d:1.10m | r:2.50)
1775716556.5052357,72,STOP,Critical: Dynamic 'person' close (1.11m),person(dynamic_obstacles | d:1.11m | r:2.48)
1775716556.9928336,73,STOP,Critical: Dynamic 'person' close (1.10m),person(dynamic_obstacles | d:1.10m | r:2.50)
1775716557.5407484,74,STOP,Critical: Dynamic 'person' close (1.15m),person(dynamic_obstacles | d:1.15m | r:2.40)
1775716558.1001015,75,STOP,Critical: Dynamic 'person' close (1.14m),person(dynamic_obstacles | d:1.14m | r:2.43)
1775716558.6802223,76,STOP,Critical: Dynamic 'person' close (1.07m),person(dynamic_obstacles | d:1.07m | r:2.56)
1775716559.141412,77,STOP,Critical: Dynamic 'person' close (1.09m),person(dynamic_obstacles | d:1.09m | r:2.53)
1775716559.593441,78,STOP,Critical: Dynamic 'person' close (1.30m),person(dynamic_obstacles | d:1.30m | r:2.15)
1775716560.0600865,79,STOP,Critical: Dynamic 'person' close (1.37m),person(dynamic_obstacles | d:1.37m | r:2.05); refrigerator(unknown | d:6.22m | r:0.08)
1775716560.5210524,80,STOP,Critical: Dynamic 'person' close (1.34m),person(dynamic_obstacles | d:1.34m | r:2.08)
1775716561.044897,81,STOP,Critical: Dynamic 'person' close (1.43m),person(dynamic_obstacles | d:1.43m | r:1.96)
1775716561.5623193,82,STOP,Critical: Dynamic 'person' close (1.40m),person(dynamic_obstacles | d:1.40m | r:2.00)
1775716562.01945,83,STOP,Critical: Dynamic 'person' close (1.48m),person(dynamic_obstacles | d:1.48m | r:1.90)
1775716562.4725533,84,STOP,Critical: Dynamic 'person' close (1.50m),person(dynamic_obstacles | d:1.50m | r:1.88)
1775716563.1606827,85,STOP,Critical: Dynamic 'person' close (1.48m),person(dynamic_obstacles | d:1.48m | r:1.90)
1775716563.661801,86,STOP,Critical: Dynamic 'person' close (1.40m),person(dynamic_obstacles | d:1.40m | r:2.00)
1775716564.313189,87,STOP,Critical: Dynamic 'person' close (1.13m),person(dynamic_obstacles | d:1.13m | r:2.45)
1775716564.7930145,88,STOP,Critical: Dynamic 'person' close (1.32m),person(dynamic_obstacles | d:1.32m | r:2.11)
1775716565.271769,89,STOP,Critical: Dynamic 'person' close (1.23m),person(dynamic_obstacles | d:1.23m | r:2.26)
1775716565.8233466,90,STOP,Critical: Dynamic 'person' close (1.27m),person(dynamic_obstacles | d:1.27m | r:2.19)
1775716566.282115,91,STOP,Critical: Dynamic 'person' close (1.07m),person(dynamic_obstacles | d:1.07m | r:2.56); tv(unknown | d:3.38m | r:0.14)
1775716566.7524638,92,STOP,Critical: Dynamic 'person' close (1.07m),person(dynamic_obstacles | d:1.07m | r:2.55); tv(unknown | d:4.14m | r:0.12)
1775716567.2045696,93,STOP,Critical: Dynamic 'person' close (1.14m),person(dynamic_obstacles | d:1.14m | r:2.41); tv(unknown | d:3.57m | r:0.14)
1775716567.674492,94,STOP,Critical: Dynamic 'person' close (1.09m),person(dynamic_obstacles | d:1.09m | r:2.52)
1775716568.207963,95,STOP,Critical: Dynamic 'person' close (1.21m),person(dynamic_obstacles | d:1.21m | r:2.29)
1775716568.6597536,96,STOP,Critical: Dynamic 'person' close (1.15m),person(dynamic_obstacles | d:1.15m | r:2.40)
1775716569.121494,97,STOP,Critical: Dynamic 'person' close (1.40m),person(dynamic_obstacles | d:1.40m | r:2.00)
1775716569.569914,98,STOP,Critical: Dynamic 'person' close (1.41m),person(dynamic_obstacles | d:1.41m | r:1.99)
1775716570.093485,99,STOP,Critical: Dynamic 'person' close (1.79m),person(dynamic_obstacles | d:1.79m | r:1.59)
1775716570.549745,100,STOP,Critical: Dynamic 'person' close (1.68m),person(dynamic_obstacles | d:1.68m | r:1.69)
1775716571.0038946,101,STOP,Critical: Dynamic 'person' close (1.53m),person(dynamic_obstacles | d:1.53m | r:1.84)
1775716571.4491837,102,STOP,Critical: Dynamic 'person' close (1.64m),person(dynamic_obstacles | d:1.64m | r:1.73)
1775716571.8963063,103,STOP,Critical: Dynamic 'person' close (1.90m),person(dynamic_obstacles | d:1.90m | r:1.50)
1775716572.4063501,104,STOP,Critical: Dynamic 'person' close (1.44m),person(dynamic_obstacles | d:1.44m | r:1.94); tv(unknown | d:1.89m | r:0.25)
1775716572.939103,105,STOP,Critical: Dynamic 'person' close (1.50m),person(dynamic_obstacles | d:1.50m | r:1.88); tv(unknown | d:1.49m | r:0.32)
1775716573.3797925,106,STOP,Critical: Dynamic 'person' close (1.57m),person(dynamic_obstacles | d:1.57m | r:1.80); tv(unknown | d:1.37m | r:0.34)
1775716573.8755503,107,STOP,Critical: Dynamic 'person' close (1.79m),person(dynamic_obstacles | d:1.79m | r:1.58); tv(unknown | d:1.45m | r:0.32)
1775716574.3278596,108,STOP,Critical: Dynamic 'person' close (1.58m),person(dynamic_obstacles | d:1.58m | r:1.79); tv(unknown | d:1.35m | r:0.35)
1775716574.8780432,109,STOP,Critical: Dynamic 'person' close (1.83m),person(dynamic_obstacles | d:1.83m | r:1.55); tv(unknown | d:1.48m | r:0.32)
1775716575.3321228,110,STOP,Critical: Dynamic 'person' close (1.71m),person(dynamic_obstacles | d:1.71m | r:1.66); tv(unknown | d:1.51m | r:0.31)
1775716575.7870128,111,STOP,Critical: Dynamic 'person' close (1.67m),person(dynamic_obstacles | d:1.67m | r:1.69); tv(unknown | d:1.46m | r:0.32)
1775716576.238781,112,STOP,Critical: Dynamic 'person' close (1.58m),person(dynamic_obstacles | d:1.58m | r:1.78)
1775716576.6986856,113,STOP,Critical: Dynamic 'person' close (1.56m),person(dynamic_obstacles | d:1.56m | r:1.81); tv(unknown | d:1.27m | r:0.37)
1775716577.2269187,114,STOP,Critical: Dynamic 'person' close (1.65m),person(dynamic_obstacles | d:1.65m | r:1.71); tv(unknown | d:1.38m | r:0.34)
1775716577.6812043,115,STOP,Critical: Dynamic 'person' close (1.66m),person(dynamic_obstacles | d:1.66m | r:1.70); tv(unknown | d:1.38m | r:0.34)
1775716578.1489146,116,STOP,Critical: Dynamic 'person' close (1.85m),person(dynamic_obstacles | d:1.85m | r:1.54); tv(unknown | d:1.74m | r:0.27)
1775716578.6144674,117,STOP,Critical: Dynamic 'person' close (1.60m),person(dynamic_obstacles | d:1.60m | r:1.76); tv(unknown | d:1.37m | r:0.34)
1775716579.1757786,118,STOP,Critical: Dynamic 'person' close (1.53m),person(dynamic_obstacles | d:1.53m | r:1.85); tv(unknown | d:1.53m | r:0.31)
1775716579.7905443,119,STOP,Critical: Dynamic 'person' close (1.41m),person(dynamic_obstacles | d:1.41m | r:1.98); tv(unknown | d:1.41m | r:0.33)
1775716580.235814,120,STOP,Critical: Dynamic 'person' close (1.65m),person(dynamic_obstacles | d:1.65m | r:1.71); tv(unknown | d:1.44m | r:0.33)
1775716580.695519,121,STOP,Critical: Dynamic 'person' close (1.60m),person(dynamic_obstacles | d:1.60m | r:1.76); tv(unknown | d:1.42m | r:0.33)
1775716581.1388216,122,STOP,Critical: Dynamic 'person' close (1.38m),person(dynamic_obstacles | d:1.38m | r:2.03); tv(unknown | d:1.35m | r:0.35)
1775716581.6754289,123,STOP,Critical: Dynamic 'person' close (1.70m),person(dynamic_obstacles | d:1.70m | r:1.66); tv(unknown | d:1.39m | r:0.34)
1775716582.128762,124,STOP,Critical: Dynamic 'person' close (1.66m),person(dynamic_obstacles | d:1.66m | r:1.70); tv(unknown | d:1.60m | r:0.29)
1775716582.5749588,125,STOP,Critical: Dynamic 'person' close (1.64m),person(dynamic_obstacles | d:1.64m | r:1.72); tv(unknown | d:1.61m | r:0.29)
1775716583.0673177,126,STOP,Critical: Dynamic 'person' close (1.55m),person(dynamic_obstacles | d:1.55m | r:1.82); tv(unknown | d:1.54m | r:0.31)
1775716583.6732063,127,STOP,Critical: Dynamic 'person' close (1.55m),person(dynamic_obstacles | d:1.55m | r:1.82); tv(unknown | d:1.57m | r:0.30)
1775716584.5489812,128,STOP,Critical: Dynamic 'person' close (1.48m),person(dynamic_obstacles | d:1.48m | r:1.90); tv(unknown | d:1.34m | r:0.35)
1775716585.2049835,129,STOP,Critical: Dynamic 'person' close (1.41m),person(dynamic_obstacles | d:1.41m | r:1.98)
1775716585.6808355,130,STOP,Critical: Dynamic 'person' close (1.16m),person(dynamic_obstacles | d:1.16m | r:2.38)
1775716586.4272532,131,STOP,Critical: Dynamic 'person' close (1.57m),person(dynamic_obstacles | d:1.57m | r:1.80)
1775716586.9042492,132,STOP,Critical: Dynamic 'person' close (1.45m),person(dynamic_obstacles | d:1.45m | r:1.94)
1775716587.357467,133,STOP,Critical: Dynamic 'person' close (1.42m),person(dynamic_obstacles | d:1.42m | r:1.97)
1775716587.845464,134,STOP,Critical: Dynamic 'person' close (1.37m),person(dynamic_obstacles | d:1.37m | r:2.04)
1775716588.5033984,135,STOP,Critical: Dynamic 'person' close (1.58m),person(dynamic_obstacles | d:1.58m | r:1.78)
1775716588.9828458,136,STOP,Critical: Dynamic 'person' close (1.45m),person(dynamic_obstacles | d:1.45m | r:1.93)
1775716589.4182296,137,STOP,Critical: Dynamic 'person' close (1.12m),person(dynamic_obstacles | d:1.12m | r:2.45)
1775716589.8637466,138,STOP,Critical: Dynamic 'person' close (1.19m),person(dynamic_obstacles | d:1.19m | r:2.33)
1775716590.3419719,139,STOP,Critical: Dynamic 'person' close (1.21m),person(dynamic_obstacles | d:1.21m | r:2.28)
1775716590.886193,140,STOP,Critical: Dynamic 'person' close (1.48m),person(dynamic_obstacles | d:1.48m | r:1.90)
1775716591.332211,141,STOP,Critical: Dynamic 'person' close (1.44m),person(dynamic_obstacles | d:1.44m | r:1.94)
1775716591.7782903,142,STOP,Critical: Dynamic 'person' close (1.39m),person(dynamic_obstacles | d:1.39m | r:2.02)
1775716592.2336986,143,STOP,Critical: Dynamic 'person' close (1.37m),person(dynamic_obstacles | d:1.37m | r:2.04)
1775716592.6792305,144,STOP,Critical: Dynamic 'person' close (1.41m),person(dynamic_obstacles | d:1.41m | r:1.98)
1775716593.252619,145,STOP,Critical: Dynamic 'person' close (1.39m),person(dynamic_obstacles | d:1.39m | r:2.01)
1775716593.6960287,146,STOP,Critical: Dynamic 'person' close (1.35m),person(dynamic_obstacles | d:1.35m | r:2.07)
1775716594.1595862,147,STOP,Critical: Dynamic 'person' close (1.40m),person(dynamic_obstacles | d:1.40m | r:2.00)
1775716594.6118057,148,STOP,Critical: Dynamic 'person' close (1.50m),person(dynamic_obstacles | d:1.50m | r:1.87)
1775716595.1290703,149,STOP,Critical: Dynamic 'person' close (1.46m),person(dynamic_obstacles | d:1.46m | r:1.92)
1775716595.5852852,150,STOP,Critical: Dynamic 'person' close (1.32m),person(dynamic_obstacles | d:1.32m | r:2.11)
1775716596.0370374,151,STOP,Critical: Dynamic 'person' close (1.30m),person(dynamic_obstacles | d:1.30m | r:2.14)
1775716596.4848378,152,STOP,Critical: Dynamic 'person' close (1.26m),person(dynamic_obstacles | d:1.26m | r:2.21)
1775716596.9418015,153,STOP,Critical: Dynamic 'person' close (1.30m),person(dynamic_obstacles | d:1.30m | r:2.14)
1775716597.4722219,154,STOP,Critical: Dynamic 'person' close (1.50m),person(dynamic_obstacles | d:1.50m | r:1.88); person(dynamic_obstacles | d:2.43m | r:1.19)
1775716597.915059,155,STOP,Critical: Dynamic 'person' close (1.28m),person(dynamic_obstacles | d:1.28m | r:2.17); person(dynamic_obstacles | d:1.49m | r:1.89)
1775716598.3907154,156,STOP,Critical: Dynamic 'person' close (1.33m),person(dynamic_obstacles | d:1.33m | r:2.09); person(dynamic_obstacles | d:1.09m | r:2.52)
1775716598.84033,157,STOP,Critical: Dynamic 'person' close (1.47m),person(dynamic_obstacles | d:1.47m | r:1.91); person(dynamic_obstacles | d:1.28m | r:2.17)
1775716599.2824373,158,STOP,Critical: Dynamic 'person' close (1.43m),person(dynamic_obstacles | d:1.43m | r:1.96); person(dynamic_obstacles | d:1.27m | r:2.19)
1775716599.783954,159,STOP,Critical: Dynamic 'person' close (1.49m),person(dynamic_obstacles | d:1.49m | r:1.89); person(dynamic_obstacles | d:1.25m | r:2.23)
1775716600.2296278,160,STOP,Critical: Dynamic 'person' close (1.27m),person(dynamic_obstacles | d:1.27m | r:2.19); person(dynamic_obstacles | d:2.97m | r:0.98)
1775716600.6770396,161,STOP,Critical: Dynamic 'person' close (1.37m),person(dynamic_obstacles | d:2.76m | r:1.05); person(dynamic_obstacles | d:1.37m | r:2.05)
1775716601.1186733,162,STOP,Critical: Dynamic 'person' close (1.89m),person(dynamic_obstacles | d:3.60m | r:0.81); person(dynamic_obstacles | d:1.89m | r:1.51)
1775716601.5650108,163,STOP,Critical: Dynamic 'person' close (1.25m),person(dynamic_obstacles | d:2.92m | r:0.99); person(dynamic_obstacles | d:1.25m | r:2.22)
1775716602.1020544,164,STOP,Critical: Dynamic 'person' close (1.19m),person(dynamic_obstacles | d:2.01m | r:1.42); person(dynamic_obstacles | d:1.19m | r:2.32)
1775716602.5519588,165,STOP,Critical: Dynamic 'person' close (1.10m),person(dynamic_obstacles | d:1.10m | r:2.50); person(dynamic_obstacles | d:1.49m | r:1.88)
1775716603.0105042,166,STOP,Critical: Dynamic 'person' close (1.10m),person(dynamic_obstacles | d:1.10m | r:2.50); person(dynamic_obstacles | d:1.50m | r:1.88)
1775716603.4658768,167,STOP,Critical: Dynamic 'person' close (1.12m),person(dynamic_obstacles | d:1.12m | r:2.46); person(dynamic_obstacles | d:1.38m | r:2.02)
1775716603.9291642,168,STOP,Critical: Dynamic 'person' close (1.14m),person(dynamic_obstacles | d:1.14m | r:2.42); person(dynamic_obstacles | d:1.16m | r:2.38)
1775716604.45973,169,STOP,Critical: Dynamic 'person' close (1.14m),person(dynamic_obstacles | d:1.14m | r:2.41); person(dynamic_obstacles | d:1.18m | r:2.35)
1775716604.925034,170,STOP,Critical: Dynamic 'person' close (1.14m),person(dynamic_obstacles | d:1.14m | r:2.42); person(dynamic_obstacles | d:1.15m | r:2.40)
1775716605.3809881,171,STOP,Critical: Dynamic 'person' close (1.14m),person(dynamic_obstacles | d:1.14m | r:2.42); person(dynamic_obstacles | d:1.15m | r:2.40)
1775716605.841934,172,STOP,Critical: Dynamic 'person' close (1.14m),person(dynamic_obstacles | d:1.14m | r:2.41); person(dynamic_obstacles | d:1.21m | r:2.28)
1775716606.301739,173,STOP,Critical: Dynamic 'person' close (1.12m),person(dynamic_obstacles | d:1.12m | r:2.46); person(dynamic_obstacles | d:2.24m | r:1.28)
1775716606.8311274,174,STOP,Critical: Dynamic 'person' close (1.14m),person(dynamic_obstacles | d:1.14m | r:2.41); person(dynamic_obstacles | d:3.48m | r:0.84)
1775716607.2707102,175,STOP,Critical: Dynamic 'person' close (1.12m),person(dynamic_obstacles | d:1.12m | r:2.45); person(dynamic_obstacles | d:2.89m | r:1.00); tv(unknown | d:2.59m | r:0.19)
1775716607.7171006,176,STOP,Critical: Dynamic 'person' close (1.13m),person(dynamic_obstacles | d:1.13m | r:2.45); person(dynamic_obstacles | d:3.28m | r:0.89)
1775716608.1598349,177,STOP,Critical: Dynamic 'person' close (1.12m),person(dynamic_obstacles | d:3.23m | r:0.90); person(dynamic_obstacles | d:1.12m | r:2.47)
1775716608.659182,178,STOP,Critical: Dynamic 'person' close (1.14m),person(dynamic_obstacles | d:1.14m | r:2.42); person(dynamic_obstacles | d:3.01m | r:0.96)
1775716609.1290724,179,STOP,Critical: Dynamic 'person' close (1.14m),person(dynamic_obstacles | d:1.14m | r:2.42); person(dynamic_obstacles | d:3.66m | r:0.80)
1775716609.586654,180,STOP,Critical: Dynamic 'person' close (1.15m),person(dynamic_obstacles | d:1.15m | r:2.40); person(dynamic_obstacles | d:4.19m | r:0.70)
1775716610.1810877,181,STOP,Critical: Dynamic 'person' close (1.15m),person(dynamic_obstacles | d:1.15m | r:2.40); person(dynamic_obstacles | d:4.05m | r:0.72)
1775716610.7268884,182,STOP,Critical: Dynamic 'person' close (1.15m),person(dynamic_obstacles | d:1.15m | r:2.41); person(dynamic_obstacles | d:4.08m | r:0.72)
1775716611.2496254,183,STOP,Critical: Dynamic 'person' close (1.17m),person(dynamic_obstacles | d:1.17m | r:2.36); person(dynamic_obstacles | d:3.66m | r:0.80)
1775716611.6926615,184,STOP,Critical: Dynamic 'person' close (1.15m),person(dynamic_obstacles | d:1.15m | r:2.40); person(dynamic_obstacles | d:3.53m | r:0.83)
1775716612.1476133,185,STOP,Critical: Dynamic 'person' close (1.23m),person(dynamic_obstacles | d:1.23m | r:2.26); person(dynamic_obstacles | d:3.30m | r:0.88)
1775716612.5905874,186,STOP,Critical: Dynamic 'person' close (1.22m),person(dynamic_obstacles | d:1.22m | r:2.27); person(dynamic_obstacles | d:3.20m | r:0.91); tv(unknown | d:3.16m | r:0.15)
1775716613.0278552,187,STOP,Critical: Dynamic 'person' close (1.13m),person(dynamic_obstacles | d:1.13m | r:2.44); person(dynamic_obstacles | d:6.52m | r:0.45)
1775716613.5530725,188,STOP,Critical: Dynamic 'person' close (1.13m),person(dynamic_obstacles | d:1.13m | r:2.44); person(dynamic_obstacles | d:5.90m | r:0.50)
1775716614.0106657,189,STOP,Critical: Dynamic 'person' close (1.11m),person(dynamic_obstacles | d:1.11m | r:2.49); person(dynamic_obstacles | d:1.38m | r:2.02); tv(unknown | d:3.50m | r:0.14)
1775716614.463143,190,STOP,Critical: Dynamic 'person' close (1.10m),person(dynamic_obstacles | d:1.10m | r:2.50)
1775716614.905034,191,STOP,Critical: Dynamic 'person' close (1.10m),person(dynamic_obstacles | d:1.10m | r:2.50); person(dynamic_obstacles | d:1.33m | r:2.10)
1775716615.3930922,192,STOP,Critical: Dynamic 'person' close (1.09m),person(dynamic_obstacles | d:1.09m | r:2.52); person(dynamic_obstacles | d:4.90m | r:0.60)
1775716615.8855493,193,STOP,Critical: Dynamic 'person' close (1.06m),person(dynamic_obstacles | d:1.06m | r:2.60); person(dynamic_obstacles | d:3.08m | r:0.94)
1775716616.3603938,194,STOP,Critical: Dynamic 'person' close (1.19m),person(dynamic_obstacles | d:1.19m | r:2.32); person(dynamic_obstacles | d:2.21m | r:1.30)
1775716616.7952054,195,STOP,Critical: Dynamic 'person' close (1.07m),person(dynamic_obstacles | d:1.07m | r:2.55); person(dynamic_obstacles | d:1.76m | r:1.62)
1775716617.2504067,196,STOP,Critical: Dynamic 'person' close (1.47m),person(dynamic_obstacles | d:1.47m | r:1.91); person(dynamic_obstacles | d:1.11m | r:2.47)
1775716617.744263,197,STOP,Critical: Dynamic 'person' close (1.59m),person(dynamic_obstacles | d:1.59m | r:1.77); person(dynamic_obstacles | d:1.26m | r:2.21)
1775716618.215997,198,STOP,Critical: Dynamic 'person' close (1.29m),person(dynamic_obstacles | d:1.29m | r:2.15); person(dynamic_obstacles | d:1.50m | r:1.87); remote(unknown | d:1.27m | r:0.36)
1775716618.6733758,199,STOP,Critical: Dynamic 'person' close (1.17m),person(dynamic_obstacles | d:1.17m | r:2.36)
1775716619.1329536,200,STOP,Critical: Dynamic 'person' close (1.16m),person(dynamic_obstacles | d:1.16m | r:2.39)
1775716619.581845,201,STOP,Critical: Dynamic 'person' close (1.14m),person(dynamic_obstacles | d:1.14m | r:2.41)
1775716620.1040463,202,STOP,Critical: Dynamic 'cat' close (1.96m),cat(dynamic_obstacles | d:1.96m | r:1.45)
1775716620.5677419,203,STOP,Critical: Dynamic 'person' close (1.16m),person(dynamic_obstacles | d:1.16m | r:2.37)
1775716621.0165167,204,STOP,Critical: Dynamic 'person' close (1.14m),person(dynamic_obstacles | d:1.14m | r:2.42)
1775716621.4698813,205,STOP,Critical: Dynamic 'person' close (1.47m),person(dynamic_obstacles | d:1.47m | r:1.91)
1775716621.9438152,206,STOP,Critical: Dynamic 'person' close (1.46m),person(dynamic_obstacles | d:1.46m | r:1.93)
1775716622.6681108,207,STOP,Critical: Dynamic 'person' close (1.46m),person(dynamic_obstacles | d:1.46m | r:1.92)
1775716623.1564796,208,STOP,Critical: Dynamic 'person' close (1.60m),person(dynamic_obstacles | d:1.60m | r:1.76)
1775716623.6108236,209,STOP,Critical: Dynamic 'person' close (1.49m),person(dynamic_obstacles | d:1.49m | r:1.89)
1775716624.3853106,210,STOP,Critical: Dynamic 'person' close (1.46m),person(dynamic_obstacles | d:1.46m | r:1.92)
1775716625.248467,211,STOP,Critical: Dynamic 'person' close (1.41m),person(dynamic_obstacles | d:1.41m | r:1.99)
1775716625.980143,212,STOP,Critical: Dynamic 'person' close (1.41m),person(dynamic_obstacles | d:1.41m | r:1.99)
1775716626.5185418,213,STOP,Critical: Dynamic 'person' close (1.45m),person(dynamic_obstacles | d:1.45m | r:1.93)
1775716627.0498903,214,STOP,Critical: Dynamic 'person' close (1.41m),person(dynamic_obstacles | d:1.41m | r:1.99)
1775716627.5561674,215,STOP,Critical: Dynamic 'person' close (1.44m),person(dynamic_obstacles | d:1.44m | r:1.95)
1775716628.0600677,216,STOP,Critical: Dynamic 'person' close (1.41m),person(dynamic_obstacles | d:1.41m | r:1.98)
1775716628.5338924,217,STOP,Critical: Dynamic 'person' close (1.40m),person(dynamic_obstacles | d:1.40m | r:2.00)
1775716629.063606,218,STOP,Critical: Dynamic 'person' close (1.43m),person(dynamic_obstacles | d:1.43m | r:1.96)
1775716629.6815026,219,STOP,Critical: Dynamic 'person' close (1.43m),person(dynamic_obstacles | d:1.43m | r:1.96)
1775716630.151909,220,STOP,Critical: Dynamic 'person' close (1.45m),person(dynamic_obstacles | d:1.45m | r:1.93)
1775716630.67594,221,STOP,Critical: Dynamic 'person' close (1.39m),person(dynamic_obstacles | d:1.39m | r:2.01)
1775716631.1408432,222,STOP,Critical: Dynamic 'person' close (1.36m),person(dynamic_obstacles | d:1.36m | r:2.05)
1775716807.2970717,0,TURN_RIGHT,"Center risky (3.2), moving to safest: Right (0.1)",person(dynamic_obstacles | d:1.17m | r:2.36)
1775716808.4285123,1,TURN_RIGHT,"Center risky (3.0), moving to safest: Right (0.2)",person(dynamic_obstacles | d:1.29m | r:2.15)
1775716809.2965894,2,TURN_RIGHT,"Center risky (3.1), moving to safest: Right (0.2)",person(dynamic_obstacles | d:1.18m | r:2.35)
1775716809.810034,3,TURN_RIGHT,"Center risky (3.2), moving to safest: Right (0.2)",person(dynamic_obstacles | d:1.14m | r:2.41)
1775716810.3372676,4,TURN_RIGHT,"Center risky (3.3), moving to safest: Right (0.2)",person(dynamic_obstacles | d:1.13m | r:2.45)
1775716810.9111526,5,TURN_RIGHT,"Center risky (3.2), moving to safest: Right (0.2)",person(dynamic_obstacles | d:1.16m | r:2.38)
1775716811.419656,6,TURN_RIGHT,"Center risky (3.2), moving to safest: Right (0.1)",person(dynamic_obstacles | d:1.16m | r:2.39)
1775716811.9819548,7,TURN_RIGHT,"Center risky (3.3), moving to safest: Right (0.2)",person(dynamic_obstacles | d:1.12m | r:2.46)
1775716812.4153805,8,TURN_RIGHT,"Center risky (3.3), moving to safest: Right (0.2)",person(dynamic_obstacles | d:1.12m | r:2.46)
1775716812.8807712,9,TURN_RIGHT,"Center risky (3.3), moving to safest: Right (0.2)",person(dynamic_obstacles | d:1.11m | r:2.47)
1775716813.389618,10,TURN_RIGHT,"Center risky (3.2), moving to safest: Right (0.2)",person(dynamic_obstacles | d:1.14m | r:2.43)
1775716813.8299148,11,TURN_RIGHT,"Center risky (3.2), moving to safest: Right (0.2)",person(dynamic_obstacles | d:1.14m | r:2.43)
1775716814.2610564,12,TURN_RIGHT,"Center risky (3.2), moving to safest: Right (0.1)",person(dynamic_obstacles | d:1.15m | r:2.39)
1775716814.7155948,13,TURN_RIGHT,"Center risky (3.0), moving to safest: Right (0.2)",person(dynamic_obstacles | d:1.30m | r:2.14)
1775716815.1943705,14,TURN_LEFT,"Center risky (3.1), moving to safest: Left (0.1)",person(dynamic_obstacles | d:1.21m | r:2.29)
1775716815.6784143,15,TURN_LEFT,"Center risky (3.2), moving to safest: Left (0.1)",person(dynamic_obstacles | d:1.19m | r:2.33)
1775716816.1130364,16,TURN_RIGHT,"Center risky (3.3), moving to safest: Right (0.2)",person(dynamic_obstacles | d:1.15m | r:2.40); tv(unknown | d:5.82m | r:0.08)
1775716816.5812604,17,TURN_LEFT,"Center risky (3.2), moving to safest: Left (0.1)",person(dynamic_obstacles | d:1.16m | r:2.39)
1775716817.0371203,18,TURN_LEFT,"Center risky (3.2), moving to safest: Left (0.1)",person(dynamic_obstacles | d:1.17m | r:2.36)
1775716817.6676662,19,TURN_LEFT,"Center risky (3.2), moving to safest: Left (0.1)",person(dynamic_obstacles | d:1.15m | r:2.40)
1775716818.126979,20,TURN_LEFT,"Center risky (3.2), moving to safest: Left (0.1)",person(dynamic_obstacles | d:1.17m | r:2.37)
1775716818.5739439,21,TURN_LEFT,"Center risky (3.2), moving to safest: Left (0.1)",person(dynamic_obstacles | d:1.15m | r:2.40)
1775716819.0117788,22,TURN_LEFT,"Center risky (3.3), moving to safest: Left (0.1)",person(dynamic_obstacles | d:1.15m | r:2.41)
1775716819.4576046,23,TURN_LEFT,"Center risky (3.3), moving to safest: Left (0.1)",person(dynamic_obstacles | d:1.15m | r:2.40)
1775716819.962346,24,TURN_LEFT,"Center risky (3.3), moving to safest: Left (0.1)",person(dynamic_obstacles | d:1.15m | r:2.39)
1775716820.4058132,25,TURN_LEFT,"Center risky (3.3), moving to safest: Left (0.1)",person(dynamic_obstacles | d:1.14m | r:2.42)
1775716820.8405483,26,TURN_LEFT,"Center risky (3.3), moving to safest: Left (0.1)",person(dynamic_obstacles | d:1.15m | r:2.40)
1775716821.273871,27,TURN_LEFT,"Center risky (3.2), moving to safest: Left (0.1)",person(dynamic_obstacles | d:1.16m | r:2.39)
1775716821.7458487,28,TURN_LEFT,"Center risky (3.2), moving to safest: Left (0.1)",person(dynamic_obstacles | d:1.15m | r:2.39)
1775716822.2609496,29,TURN_LEFT,"Center risky (3.2), moving to safest: Left (0.1)",person(dynamic_obstacles | d:1.16m | r:2.39)
1775716822.7047522,30,TURN_LEFT,"Center risky (3.2), moving to safest: Left (0.1)",person(dynamic_obstacles | d:1.16m | r:2.39)
1775716823.2653139,31,TURN_LEFT,"Center risky (3.2), moving to safest: Left (0.1)",person(dynamic_obstacles | d:1.15m | r:2.39)
1775716824.1720295,32,TURN_LEFT,"Center risky (3.2), moving to safest: Left (0.1)",person(dynamic_obstacles | d:1.17m | r:2.37)
1775716824.9900563,33,TURN_LEFT,"Center risky (3.2), moving to safest: Left (0.1)",person(dynamic_obstacles | d:1.17m | r:2.37)
1775716825.6940956,34,TURN_LEFT,"Center risky (3.2), moving to safest: Left (0.1)",person(dynamic_obstacles | d:1.17m | r:2.36)
1775716826.314326,35,TURN_LEFT,"Center risky (3.2), moving to safest: Left (0.1)",person(dynamic_obstacles | d:1.17m | r:2.36)
1775716827.1250744,36,TURN_LEFT,"Center risky (3.2), moving to safest: Left (0.1)",person(dynamic_obstacles | d:1.16m | r:2.38)
1775716827.921168,37,TURN_LEFT,"Center risky (3.2), moving to safest: Left (0.1)",person(dynamic_obstacles | d:1.17m | r:2.36)
1775716828.3669543,38,TURN_LEFT,"Center risky (3.2), moving to safest: Left (0.1)",person(dynamic_obstacles | d:1.16m | r:2.38)
1775716828.8448033,39,TURN_LEFT,"Center risky (3.2), moving to safest: Left (0.1)",person(dynamic_obstacles | d:1.15m | r:2.40)
1775716829.6117911,40,TURN_LEFT,"Center risky (0.8), moving to safest: Left (0.1)",person(dynamic_obstacles | d:1.15m | r:2.41)
1775716830.1834404,41,MOVE_FORWARD,Center is lowest risk (0.2),person(dynamic_obstacles | d:1.37m | r:2.04); person(dynamic_obstacles | d:3.92m | r:0.75)
1775716830.7102334,42,MOVE_FORWARD,Center is lowest risk (0.2),person(dynamic_obstacles | d:1.15m | r:2.39); person(dynamic_obstacles | d:1.16m | r:2.38)
1775716831.248932,43,MOVE_FORWARD,Center is lowest risk (0.6),person(dynamic_obstacles | d:1.36m | r:2.06); person(dynamic_obstacles | d:2.29m | r:1.25); chair(small_static | d:2.77m | r:0.35)
1775716831.714941,44,MOVE_FORWARD,Center is lowest risk (0.2),person(dynamic_obstacles | d:1.54m | r:1.83); person(dynamic_obstacles | d:3.81m | r:0.77)
1775716832.2935538,45,MOVE_FORWARD,Center is lowest risk (0.2),person(dynamic_obstacles | d:1.61m | r:1.75); person(dynamic_obstacles | d:3.84m | r:0.76)
1775716832.789585,46,MOVE_FORWARD,Center is lowest risk (0.2),person(dynamic_obstacles | d:1.56m | r:1.81); person(dynamic_obstacles | d:3.53m | r:0.83); chair(small_static | d:2.54m | r:0.38)
1775716833.2243383,47,MOVE_FORWARD,Center is lowest risk (0.2),person(dynamic_obstacles | d:1.59m | r:1.77); person(dynamic_obstacles | d:3.52m | r:0.83); chair(small_static | d:3.06m | r:0.32)
1775716833.7594528,48,MOVE_FORWARD,Center is lowest risk (0.2),person(dynamic_obstacles | d:1.53m | r:1.84); person(dynamic_obstacles | d:3.59m | r:0.81); chair(small_static | d:2.75m | r:0.35)
1775716834.1964378,49,MOVE_FORWARD,Center is lowest risk (0.2),person(dynamic_obstacles | d:1.55m | r:1.82); person(dynamic_obstacles | d:3.65m | r:0.80)
1775716834.647111,50,MOVE_FORWARD,Center is lowest risk (0.2),person(dynamic_obstacles | d:1.60m | r:1.77); person(dynamic_obstacles | d:3.87m | r:0.76); chair(small_static | d:2.44m | r:0.39)
1775716835.069686,51,MOVE_FORWARD,Center is lowest risk (0.2),person(dynamic_obstacles | d:1.57m | r:1.79); person(dynamic_obstacles | d:4.11m | r:0.71); chair(small_static | d:3.14m | r:0.31)
1775716835.501594,52,MOVE_FORWARD,Center is lowest risk (0.2),person(dynamic_obstacles | d:1.47m | r:1.91); person(dynamic_obstacles | d:3.69m | r:0.79)
1775716836.02751,53,MOVE_FORWARD,Center is lowest risk (0.2),person(dynamic_obstacles | d:1.44m | r:1.95); person(dynamic_obstacles | d:3.80m | r:0.77)
1775716836.4657345,54,MOVE_FORWARD,Center is lowest risk (0.2),person(dynamic_obstacles | d:1.60m | r:1.77); person(dynamic_obstacles | d:3.93m | r:0.74)
1775716836.9449182,55,MOVE_FORWARD,Center is lowest risk (0.3),person(dynamic_obstacles | d:1.41m | r:1.99); person(dynamic_obstacles | d:3.90m | r:0.75)
1775716837.4117322,56,TURN_LEFT,"Center risky (2.9), moving to safest: Left (0.3)",person(dynamic_obstacles | d:1.44m | r:1.95); person(dynamic_obstacles | d:3.63m | r:0.80); chair(small_static | d:4.00m | r:0.24)
1775716837.8775685,57,TURN_LEFT,"Center risky (2.4), moving to safest: Left (0.1)",person(dynamic_obstacles | d:1.57m | r:1.79); person(dynamic_obstacles | d:4.18m | r:0.70)
1775716838.4062247,58,TURN_LEFT,"Center risky (2.3), moving to safest: Left (0.1)",person(dynamic_obstacles | d:1.70m | r:1.66); person(dynamic_obstacles | d:5.18m | r:0.57)
1775716838.8511896,59,TURN_LEFT,"Center risky (2.5), moving to safest: Left (0.1)",person(dynamic_obstacles | d:1.56m | r:1.81); person(dynamic_obstacles | d:4.94m | r:0.60)
1775716839.313823,60,TURN_LEFT,"Center risky (2.5), moving to safest: Left (0.1)",person(dynamic_obstacles | d:1.53m | r:1.84); person(dynamic_obstacles | d:4.66m | r:0.63)
1775716839.7795548,61,TURN_LEFT,"Center risky (2.7), moving to safest: Left (0.1)",person(dynamic_obstacles | d:1.44m | r:1.95); person(dynamic_obstacles | d:4.41m | r:0.66)
1775716840.2181478,62,TURN_LEFT,"Center risky (2.4), moving to safest: Left (0.1)",person(dynamic_obstacles | d:1.58m | r:1.79); person(dynamic_obstacles | d:4.85m | r:0.61)
1775716840.7232018,63,TURN_LEFT,"Center risky (2.4), moving to safest: Left (0.1)",person(dynamic_obstacles | d:1.59m | r:1.78); person(dynamic_obstacles | d:4.50m | r:0.65)
1775716841.169892,64,TURN_LEFT,"Center risky (2.4), moving to safest: Left (0.1)",person(dynamic_obstacles | d:1.58m | r:1.79); person(dynamic_obstacles | d:4.30m | r:0.68)
1775716841.62475,65,TURN_LEFT,"Center risky (2.3), moving to safest: Left (0.1)",person(dynamic_obstacles | d:1.69m | r:1.68); person(dynamic_obstacles | d:4.93m | r:0.60)
1775716842.1217105,66,TURN_LEFT,"Center risky (2.2), moving to safest: Left (0.1)",person(dynamic_obstacles | d:1.73m | r:1.64); person(dynamic_obstacles | d:5.38m | r:0.55)
1775716842.6240778,67,TURN_LEFT,"Center risky (3.3), moving to safest: Left (0.2)",person(dynamic_obstacles | d:1.15m | r:2.41)
1775716843.2669544,68,TURN_LEFT,"Center risky (0.2), moving to safest: Left (0.1)",person(dynamic_obstacles | d:1.14m | r:2.43)
1775716843.9080827,69,MOVE_FORWARD,Center is lowest risk (0.2),person(dynamic_obstacles | d:1.10m | r:2.51)
1775716844.3591285,70,MOVE_FORWARD,Center is lowest risk (0.2),person(dynamic_obstacles | d:1.09m | r:2.52)
1775716844.93987,71,MOVE_FORWARD,Center is lowest risk (0.2),person(dynamic_obstacles | d:1.12m | r:2.47)
1775716845.4131198,72,MOVE_FORWARD,Center is lowest risk (0.2),person(dynamic_obstacles | d:1.09m | r:2.52)
1775716845.8904994,73,MOVE_FORWARD,Center is lowest risk (0.2),person(dynamic_obstacles | d:1.09m | r:2.51)
1775716846.360215,74,MOVE_FORWARD,Center is lowest risk (0.2),person(dynamic_obstacles | d:1.09m | r:2.51)
1775716846.7999825,75,MOVE_FORWARD,Center is lowest risk (0.2),person(dynamic_obstacles | d:1.10m | r:2.51)
1775716847.34286,76,MOVE_FORWARD,Center is lowest risk (0.2),person(dynamic_obstacles | d:1.17m | r:2.36)
1775716847.8416789,77,TURN_LEFT,"Center risky (2.5), moving to safest: Left (0.4)",person(dynamic_obstacles | d:1.19m | r:2.33)
1775716848.3117895,78,TURN_LEFT,"Center risky (2.5), moving to safest: Left (0.4)",person(dynamic_obstacles | d:1.21m | r:2.30)
1775716848.762632,79,TURN_LEFT,"Center risky (2.5), moving to safest: Left (0.3)",person(dynamic_obstacles | d:1.27m | r:2.20)
1775716849.2474732,80,TURN_LEFT,"Center risky (2.4), moving to safest: Left (0.2)",person(dynamic_obstacles | d:1.29m | r:2.16)
1775716849.8029199,81,TURN_LEFT,"Center risky (0.2), moving to safest: Left (0.2)",person(dynamic_obstacles | d:1.12m | r:2.46)
1775716850.237882,82,TURN_LEFT,"Center risky (0.2), moving to safest: Left (0.2)",person(dynamic_obstacles | d:1.09m | r:2.52)
1775716850.686853,83,TURN_LEFT,"Center risky (0.2), moving to safest: Left (0.2)",person(dynamic_obstacles | d:1.08m | r:2.55)
1775716851.1395378,84,TURN_LEFT,"Center risky (0.2), moving to safest: Left (0.2)",person(dynamic_obstacles | d:1.08m | r:2.54)
1775716851.638675,85,TURN_LEFT,"Center risky (0.2), moving to safest: Left (0.2)",person(dynamic_obstacles | d:1.08m | r:2.53)
1775716852.1431024,86,TURN_LEFT,"Center risky (0.2), moving to safest: Left (0.2)",person(dynamic_obstacles | d:1.08m | r:2.54)
1775716852.6086519,87,TURN_LEFT,"Center risky (0.2), moving to safest: Left (0.2)",person(dynamic_obstacles | d:1.08m | r:2.55)
1775716853.088529,88,TURN_LEFT,"Center risky (0.2), moving to safest: Left (0.2)",person(dynamic_obstacles | d:1.08m | r:2.54)
1775716853.5413435,89,TURN_LEFT,"Center risky (0.2), moving to safest: Left (0.2)",person(dynamic_obstacles | d:1.09m | r:2.53)
1775716854.0738459,90,TURN_LEFT,"Center risky (0.2), moving to safest: Left (0.2)",person(dynamic_obstacles | d:1.07m | r:2.57)
1775716854.5966234,91,MOVE_FORWARD,Center is lowest risk (0.1),person(dynamic_obstacles | d:1.19m | r:2.33)
1775716855.046135,92,MOVE_FORWARD,Center is lowest risk (0.2),person(dynamic_obstacles | d:1.21m | r:2.29)
1775716855.527404,93,MOVE_FORWARD,Center is lowest risk (0.2),person(dynamic_obstacles | d:1.24m | r:2.25)
1775716856.0232897,94,MOVE_FORWARD,Center is lowest risk (0.2),person(dynamic_obstacles | d:1.21m | r:2.30)
1775716856.5596664,95,MOVE_FORWARD,Center is lowest risk (0.2),person(dynamic_obstacles | d:1.20m | r:2.30)
1775716857.0155287,96,MOVE_FORWARD,Center is lowest risk (0.2),person(dynamic_obstacles | d:1.19m | r:2.33)
1775716857.4705863,97,MOVE_FORWARD,Center is lowest risk (0.2),person(dynamic_obstacles | d:1.26m | r:2.21)
1775716857.9182372,98,MOVE_FORWARD,Center is lowest risk (0.2),person(dynamic_obstacles | d:3.13m | r:0.93)
1775716858.45113,99,MOVE_FORWARD,Center is lowest risk (0.2),person(dynamic_obstacles | d:1.33m | r:2.10)
1775716858.9796796,100,MOVE_FORWARD,Center is lowest risk (0.2),person(dynamic_obstacles | d:1.45m | r:1.94)
1775716859.4347973,101,MOVE_FORWARD,Center is lowest risk (0.2),person(dynamic_obstacles | d:1.20m | r:2.30)
1775716859.9007733,102,MOVE_FORWARD,Center is lowest risk (0.2),person(dynamic_obstacles | d:1.19m | r:2.32)
1775716860.3561707,103,MOVE_FORWARD,Center is lowest risk (0.2),person(dynamic_obstacles | d:1.17m | r:2.36)
1775716860.8787456,104,MOVE_FORWARD,Center is lowest risk (0.1),person(dynamic_obstacles | d:1.17m | r:2.37)
1775716861.3380954,105,MOVE_FORWARD,Center is lowest risk (0.3),person(dynamic_obstacles | d:1.26m | r:2.21)
1775716861.7824855,106,TURN_RIGHT,"Center risky (0.4), moving to safest: Right (0.1)",None
1775716862.2667491,107,TURN_RIGHT,"Center risky (0.5), moving to safest: Right (0.1)",None
1775716862.7165651,108,TURN_RIGHT,"Center risky (0.4), moving to safest: Right (0.1)",None
1775716863.223055,109,TURN_RIGHT,"Center risky (0.7), moving to safest: Right (0.2)",None
1775716863.6970155,110,TURN_RIGHT,"Center risky (0.7), moving to safest: Right (0.2)",None
1775716864.1321893,111,TURN_RIGHT,"Center risky (0.7), moving to safest: Right (0.1)",None
1775716864.5746524,112,MOVE_FORWARD,Center is lowest risk (0.1),cat(dynamic_obstacles | d:1.35m | r:2.08)
1775716865.3549962,113,TURN_LEFT,"Center risky (2.1), moving to safest: Left (0.1)",person(dynamic_obstacles | d:1.42m | r:1.98)
1775716865.8310645,114,TURN_LEFT,"Center risky (2.3), moving to safest: Left (0.1)",person(dynamic_obstacles | d:1.26m | r:2.20)
1775716866.294392,115,TURN_LEFT,"Center risky (0.2), moving to safest: Left (0.1)",None
1775716866.7416139,116,TURN_LEFT,"Center risky (0.3), moving to safest: Left (0.2)",None
1775716867.2067688,117,TURN_LEFT,"Center risky (0.2), moving to safest: Left (0.1)",None
1775716867.753972,118,MOVE_FORWARD,Center is lowest risk (0.3),person(dynamic_obstacles | d:1.74m | r:1.63)
1775716868.3448684,119,MOVE_FORWARD,Center is lowest risk (0.2),person(dynamic_obstacles | d:1.27m | r:2.19)
1775716868.8246775,120,TURN_LEFT,"Center risky (2.5), moving to safest: Left (0.2)",person(dynamic_obstacles | d:1.15m | r:2.39)
1775716869.3311293,121,TURN_LEFT,"Center risky (2.3), moving to safest: Left (0.1)",person(dynamic_obstacles | d:1.30m | r:2.15)
1775716869.927709,122,TURN_LEFT,"Center risky (0.2), moving to safest: Left (0.1)",None
1775716870.4073787,123,TURN_LEFT,"Center risky (0.2), moving to safest: Left (0.1)",None
1775716870.8797767,124,TURN_LEFT,"Center risky (0.2), moving to safest: Left (0.1)",None
1775716871.3369303,125,TURN_LEFT,"Center risky (0.2), moving to safest: Left (0.1)",None
1775716871.7827795,126,TURN_LEFT,"Center risky (0.3), moving to safest: Left (0.1)",None
1775716872.326379,127,MOVE_FORWARD,Center is lowest risk (0.1),None
1775716872.7843814,128,MOVE_FORWARD,Center is lowest risk (0.2),None
1775716873.270579,129,MOVE_FORWARD,Center is lowest risk (0.2),None
1775716873.7091277,130,MOVE_FORWARD,Center is lowest risk (0.1),None
1775716874.171433,131,MOVE_FORWARD,Center is lowest risk (0.1),None
1775716874.7292013,132,MOVE_FORWARD,Center is lowest risk (0.1),None
1775716875.1864033,133,MOVE_FORWARD,Center is lowest risk (0.1),None
1775716875.6380198,134,MOVE_FORWARD,Center is lowest risk (0.2),None
1775716876.0834672,135,MOVE_FORWARD,Center is lowest risk (0.1),None
1775716876.512369,136,TURN_RIGHT,"Center risky (0.7), moving to safest: Right (0.1)",None
1775716877.0300312,137,TURN_RIGHT,"Center risky (0.8), moving to safest: Right (0.1)",None
1775716877.4879894,138,TURN_RIGHT,"Center risky (0.7), moving to safest: Right (0.1)",None
1775716877.9304197,139,TURN_RIGHT,"Center risky (0.7), moving to safest: Right (0.2)",None
1775716878.4081392,140,TURN_RIGHT,"Center risky (0.7), moving to safest: Right (0.6)",None
1775716878.86355,141,TURN_RIGHT,"Center risky (0.6), moving to safest: Right (0.5)",None
1775716879.3887837,142,TURN_RIGHT,"Center risky (0.6), moving to safest: Right (0.5)",None
1775716879.8441954,143,TURN_RIGHT,"Center risky (0.5), moving to safest: Right (0.4)",None
1775716880.2896786,144,TURN_LEFT,"Center risky (0.5), moving to safest: Left (0.4)",None
1775716880.7229931,145,TURN_LEFT,"Center risky (0.5), moving to safest: Left (0.5)",None
1775716881.199761,146,TURN_LEFT,"Center risky (0.6), moving to safest: Left (0.5)",None
1775716881.6850655,147,TURN_LEFT,"Center risky (0.5), moving to safest: Left (0.5)",None
1775716882.1382446,148,TURN_LEFT,"Center risky (0.6), moving to safest: Left (0.5)",None
1775716882.5956638,149,TURN_LEFT,"Center risky (0.5), moving to safest: Left (0.5)",None
1775716883.232569,150,TURN_LEFT,"Center risky (0.6), moving to safest: Left (0.6)",None
1775716883.8066995,151,TURN_RIGHT,"Center risky (0.4), moving to safest: Right (0.3)",None
1775716884.2609994,152,TURN_RIGHT,"Center risky (0.4), moving to safest: Right (0.3)",None
1775716884.6993482,153,TURN_RIGHT,"Center risky (0.4), moving to safest: Right (0.3)",None
1775716885.1564503,154,TURN_RIGHT,"Center risky (0.4), moving to safest: Right (0.3)",None
1775716885.634251,155,TURN_RIGHT,"Center risky (0.4), moving to safest: Right (0.4)",None
1775716886.1659477,156,TURN_RIGHT,"Center risky (0.5), moving to safest: Right (0.4)",None
1775716886.6141005,157,TURN_RIGHT,"Center risky (0.5), moving to safest: Right (0.3)",None
1775716887.3567328,158,TURN_RIGHT,"Center risky (0.5), moving to safest: Right (0.3)",None
1775716887.9976761,159,TURN_RIGHT,"Center risky (0.3), moving to safest: Right (0.2)",None
1775716888.6032772,160,TURN_LEFT,"Center risky (0.3), moving to safest: Left (0.1)",None
1775716889.0535412,161,MOVE_FORWARD,Center is lowest risk (0.3),None
1775716889.5000618,162,TURN_LEFT,"Center risky (0.3), moving to safest: Left (0.1)",None
1775716889.945781,163,TURN_RIGHT,"Center risky (0.6), moving to safest: Right (0.4)",None
1775716890.4576967,164,TURN_RIGHT,"Center risky (0.6), moving to safest: Right (0.1)",None
1775716890.9167006,165,TURN_RIGHT,"Center risky (0.6), moving to safest: Right (0.1)",None
1775716891.355979,166,TURN_RIGHT,"Center risky (0.7), moving to safest: Right (0.1)",None
1775716891.821698,167,TURN_RIGHT,"Center risky (0.3), moving to safest: Right (0.2)",None
1775716892.2666824,168,MOVE_FORWARD,Center is lowest risk (0.2),None
1775716892.772457,169,TURN_LEFT,"Center risky (0.3), moving to safest: Left (0.1)",None
1775716893.2084932,170,TURN_LEFT,"Center risky (0.2), moving to safest: Left (0.1)",None
1775716893.6624343,171,TURN_LEFT,"Center risky (0.4), moving to safest: Left (0.2)",None
1775716894.1014633,172,TURN_LEFT,"Center risky (0.4), moving to safest: Left (0.2)",None
1775716894.5379558,173,TURN_LEFT,"Center risky (0.4), moving to safest: Left (0.2)",None
1775716895.0453956,174,TURN_LEFT,"Center risky (0.4), moving to safest: Left (0.2)",None
1775716895.4978442,175,TURN_LEFT,"Center risky (0.4), moving to safest: Left (0.2)",None
1775716895.9327214,176,TURN_LEFT,"Center risky (0.4), moving to safest: Left (0.2)",None
1775716896.3654602,177,TURN_LEFT,"Center risky (0.4), moving to safest: Left (0.2)",None
1775716896.8059735,178,TURN_LEFT,"Center risky (0.4), moving to safest: Left (0.2)",None
1775716897.360055,179,TURN_LEFT,"Center risky (0.4), moving to safest: Left (0.2)",None
1775716897.8007848,180,TURN_LEFT,"Center risky (0.4), moving to safest: Left (0.2)",None
1775716898.2350578,181,TURN_LEFT,"Center risky (0.4), moving to safest: Left (0.2)",None
1775716898.7074335,182,TURN_LEFT,"Center risky (0.4), moving to safest: Left (0.2)",None
1775716899.1492627,183,TURN_LEFT,"Center risky (0.4), moving to safest: Left (0.2)",None
1775716899.6678145,184,TURN_LEFT,"Center risky (0.1), moving to safest: Left (0.1)",None
1775716900.344591,185,TURN_LEFT,"Center risky (0.1), moving to safest: Left (0.1)",person(dynamic_obstacles | d:1.31m | r:2.12)
1775716901.0517113,186,TURN_LEFT,"Center risky (0.1), moving to safest: Left (0.1)",person(dynamic_obstacles | d:1.29m | r:2.15)
1775716901.5710866,187,MOVE_FORWARD,Center is lowest risk (0.1),person(dynamic_obstacles | d:1.32m | r:2.12); tv(unknown | d:7.65m | r:0.06)
1775716902.1061668,188,TURN_LEFT,"Center risky (0.2), moving to safest: Left (0.1)",None
1775716902.8264399,189,TURN_LEFT,"Center risky (0.4), moving to safest: Left (0.2)",None
1775716903.2549567,190,TURN_LEFT,"Center risky (0.4), moving to safest: Left (0.2)",None
1775716903.825179,191,TURN_LEFT,"Center risky (0.4), moving to safest: Left (0.2)",None
1775716904.354297,192,TURN_LEFT,"Center risky (0.3), moving to safest: Left (0.2)",None
1775716904.8085253,193,TURN_LEFT,"Center risky (0.4), moving to safest: Left (0.3)",None
1775716905.2464852,194,TURN_LEFT,"Center risky (0.5), moving to safest: Left (0.3)",tv(unknown | d:1.69m | r:0.28)
1775716905.6888213,195,TURN_LEFT,"Center risky (0.4), moving to safest: Left (0.3)",None
1775716906.1965473,196,TURN_LEFT,"Center risky (0.4), moving to safest: Left (0.2)",None
1775716906.717435,197,TURN_LEFT,"Center risky (0.4), moving to safest: Left (0.2)",tv(unknown | d:1.97m | r:0.24)
1775716907.5140316,198,TURN_LEFT,"Center risky (0.4), moving to safest: Left (0.3)",None
1775716907.9585276,199,MOVE_FORWARD,Center is lowest risk (0.4),None
1775716908.3996625,200,TURN_LEFT,"Center risky (0.3), moving to safest: Left (0.3)",None
1775716908.935366,201,MOVE_FORWARD,Center is lowest risk (0.3),None
1775716909.3901975,202,MOVE_FORWARD,Center is lowest risk (0.4),chair(small_static | d:4.57m | r:0.21)
1775716909.8773572,203,MOVE_FORWARD,Center is lowest risk (0.1),None
1775716910.3535628,204,MOVE_FORWARD,Center is lowest risk (0.1),None
1775716910.8109028,205,MOVE_FORWARD,Center is lowest risk (0.2),None
1775716911.3586314,206,TURN_RIGHT,"Center risky (0.2), moving to safest: Right (0.2)",None
1775716911.8376284,207,TURN_RIGHT,"Center risky (0.1), moving to safest: Right (0.1)",None
1775716912.3173816,208,TURN_RIGHT,"Center risky (0.3), moving to safest: Right (0.1)",chair(small_static | d:7.48m | r:0.13)
1775716912.7501585,209,TURN_RIGHT,"Center risky (0.4), moving to safest: Right (0.1)",person(dynamic_obstacles | d:9.27m | r:0.32)
1775716913.254672,210,TURN_RIGHT,"Center risky (0.1), moving to safest: Right (0.1)",None
1775716913.71197,211,TURN_RIGHT,"Center risky (0.3), moving to safest: Right (0.1)",chair(small_static | d:7.35m | r:0.13)
1775716914.1640344,212,TURN_RIGHT,"Center risky (0.2), moving to safest: Right (0.1)",None
1775716914.6003158,213,TURN_RIGHT,"Center risky (0.1), moving to safest: Right (0.1)",None
1775716915.045158,214,TURN_RIGHT,"Center risky (0.5), moving to safest: Right (0.1)",person(dynamic_obstacles | d:8.44m | r:0.35)
1775716915.5841277,215,TURN_RIGHT,"Center risky (0.3), moving to safest: Right (0.1)",None
1775716916.0288458,216,TURN_RIGHT,"Center risky (0.3), moving to safest: Right (0.1)",None
1775716916.471489,217,TURN_RIGHT,"Center risky (0.4), moving to safest: Right (0.3)",chair(small_static | d:5.15m | r:0.19)
1775716916.9261265,218,TURN_RIGHT,"Center risky (0.4), moving to safest: Right (0.2)",None
1775716917.3699455,219,TURN_RIGHT,"Center risky (0.3), moving to safest: Right (0.2)",None
1775716917.8985739,220,TURN_RIGHT,"Center risky (0.5), moving to safest: Right (0.3)",None
1775716918.3500934,221,TURN_RIGHT,"Center risky (0.6), moving to safest: Right (0.3)",None
1775716918.8145835,222,TURN_RIGHT,"Center risky (0.6), moving to safest: Right (0.3)",None
1775716919.2575765,223,TURN_RIGHT,"Center risky (0.6), moving to safest: Right (0.3)",None
1775716919.7153735,224,TURN_RIGHT,"Center risky (0.6), moving to safest: Right (0.3)",None
1775716920.2486203,225,TURN_RIGHT,"Center risky (0.6), moving to safest: Right (0.3)",None
1775716920.6908872,226,TURN_RIGHT,"Center risky (0.6), moving to safest: Right (0.2)",None
1775716921.1451082,227,TURN_RIGHT,"Center risky (0.6), moving to safest: Right (0.2)",None
1775716921.6120698,228,TURN_RIGHT,"Center risky (0.6), moving to safest: Right (0.2)",None
1775716922.0572567,229,TURN_RIGHT,"Center risky (0.7), moving to safest: Right (0.2)",None
1775716922.587427,230,TURN_RIGHT,"Center risky (0.7), moving to safest: Right (0.2)",None
1775716923.0184622,231,TURN_RIGHT,"Center risky (0.7), moving to safest: Right (0.2)",None
1775716923.474998,232,TURN_RIGHT,"Center risky (0.4), moving to safest: Right (0.3)",None
1775716923.9304907,233,TURN_LEFT,"Center risky (0.4), moving to safest: Left (0.2)",None
1775716924.3830678,234,TURN_LEFT,"Center risky (0.2), moving to safest: Left (0.1)",person(dynamic_obstacles | d:1.39m | r:2.01)
1775716924.901589,235,TURN_LEFT,"Center risky (0.1), moving to safest: Left (0.1)",person(dynamic_obstacles | d:1.18m | r:2.34)
1775716925.358345,236,TURN_LEFT,"Center risky (0.2), moving to safest: Left (0.1)",person(dynamic_obstacles | d:1.14m | r:2.41)
1775716925.7999473,237,TURN_LEFT,"Center risky (2.8), moving to safest: Left (0.3)",person(dynamic_obstacles | d:1.39m | r:2.02)
1775716926.248613,238,TURN_RIGHT,"Center risky (2.9), moving to safest: Right (0.1)",person(dynamic_obstacles | d:1.31m | r:2.13)
1775716926.680791,239,TURN_RIGHT,"Center risky (1.5), moving to safest: Right (0.1)",person(dynamic_obstacles | d:3.93m | r:0.75)
1775716927.1729984,240,TURN_RIGHT,"Center risky (2.7), moving to safest: Right (0.3)",person(dynamic_obstacles | d:1.46m | r:1.92)
1775716927.641652,241,TURN_RIGHT,"Center risky (3.2), moving to safest: Right (0.8)",person(dynamic_obstacles | d:1.17m | r:2.36)
1775716928.1997092,242,TURN_LEFT,"Center risky (2.9), moving to safest: Left (0.7)",person(dynamic_obstacles | d:1.30m | r:2.14)
1775716929.187132,243,TURN_RIGHT,"Center risky (2.7), moving to safest: Right (0.6)",person(dynamic_obstacles | d:1.38m | r:2.03)
1775716929.854438,244,TURN_LEFT,"Center risky (3.0), moving to safest: Left (0.7)",person(dynamic_obstacles | d:1.25m | r:2.22)
1775716930.3174963,245,TURN_RIGHT,"Center risky (2.2), moving to safest: Right (0.1)",person(dynamic_obstacles | d:1.68m | r:1.68)
1775716930.825144,246,TURN_RIGHT,"Center risky (2.8), moving to safest: Right (0.2)",cat(dynamic_obstacles | d:1.27m | r:2.19)
1775716931.2863452,247,TURN_RIGHT,"Center risky (3.2), moving to safest: Right (0.1)",person(dynamic_obstacles | d:1.19m | r:2.33)
1775716931.7924595,248,TURN_RIGHT,"Center risky (2.8), moving to safest: Right (0.2)",person(dynamic_obstacles | d:1.38m | r:2.02)
1775716932.2256594,249,TURN_RIGHT,"Center risky (2.1), moving to safest: Right (0.2)",person(dynamic_obstacles | d:2.28m | r:1.26)
1775716932.661938,250,TURN_LEFT,"Center risky (2.9), moving to safest: Left (0.2)",person(dynamic_obstacles | d:1.34m | r:2.08)
1775716933.0954022,251,TURN_LEFT,"Center risky (2.8), moving to safest: Left (0.2)",person(dynamic_obstacles | d:1.39m | r:2.01)
1775716933.5564363,252,TURN_LEFT,"Center risky (2.8), moving to safest: Left (0.5)",person(dynamic_obstacles | d:1.40m | r:2.00)
1775716934.3128326,253,TURN_RIGHT,"Center risky (2.7), moving to safest: Right (0.1)",person(dynamic_obstacles | d:1.43m | r:1.96)
1775716935.109803,254,TURN_RIGHT,"Center risky (2.8), moving to safest: Right (0.1)",person(dynamic_obstacles | d:1.39m | r:2.01)
1775717660.4918275,0,TURN_LEFT,"Center risky (0.8), moving to safest: Left (0.4)",laptop(unknown | d:10.00m | r:0.05); person(dynamic_obstacles | d:3.92m | r:0.75); mouse(unknown | d:1.40m | r:0.33)
1775717661.502251,1,TURN_LEFT,"Center risky (0.4), moving to safest: Left (0.3)",laptop(unknown | d:10.00m | r:0.05); person(dynamic_obstacles | d:4.12m | r:0.71)
1775717662.0400069,2,TURN_LEFT,"Center risky (0.7), moving to safest: Left (0.3)",laptop(unknown | d:10.00m | r:0.05); person(dynamic_obstacles | d:4.77m | r:0.62); mouse(unknown | d:1.55m | r:0.30)
1775717662.5372276,3,TURN_LEFT,"Center risky (0.4), moving to safest: Left (0.3)",laptop(unknown | d:10.00m | r:0.05); person(dynamic_obstacles | d:3.79m | r:0.77)
1775717663.0415795,4,TURN_LEFT,"Center risky (0.7), moving to safest: Left (0.3)",person(dynamic_obstacles | d:3.36m | r:0.87); laptop(unknown | d:10.00m | r:0.05); mouse(unknown | d:1.46m | r:0.32)
1775717663.571321,5,TURN_LEFT,"Center risky (0.6), moving to safest: Left (0.4)",laptop(unknown | d:10.00m | r:0.05); person(dynamic_obstacles | d:3.35m | r:0.87)
1775717664.0945802,6,TURN_LEFT,"Center risky (0.4), moving to safest: Left (0.3)",person(dynamic_obstacles | d:3.63m | r:0.80); laptop(unknown | d:10.00m | r:0.05)
1775717664.5170238,7,TURN_LEFT,"Center risky (0.5), moving to safest: Left (0.5)",person(dynamic_obstacles | d:1.60m | r:1.77); laptop(unknown | d:10.00m | r:0.05)
1775717664.9317212,8,TURN_LEFT,"Center risky (0.5), moving to safest: Left (0.5)",person(dynamic_obstacles | d:1.74m | r:1.63); laptop(unknown | d:10.00m | r:0.05)
1775717665.3818405,9,MOVE_FORWARD,Center is lowest risk (0.5),person(dynamic_obstacles | d:1.83m | r:1.56); laptop(unknown | d:10.00m | r:0.05)
1775717665.8267112,10,MOVE_FORWARD,Center is lowest risk (0.5),person(dynamic_obstacles | d:1.95m | r:1.47); laptop(unknown | d:10.00m | r:0.05)
1775717666.311359,11,TURN_LEFT,"Center risky (0.5), moving to safest: Left (0.5)",person(dynamic_obstacles | d:1.97m | r:1.45); laptop(unknown | d:10.00m | r:0.05)
1775717671.8851533,12,TURN_LEFT,"Center risky (0.5), moving to safest: Left (0.5)",person(dynamic_obstacles | d:1.62m | r:1.74); laptop(unknown | d:10.00m | r:0.05)
1775717680.2827623,13,TURN_LEFT,"Center risky (0.5), moving to safest: Left (0.5)",person(dynamic_obstacles | d:1.69m | r:1.68); laptop(unknown | d:10.00m | r:0.05)
1775717681.0078516,14,TURN_LEFT,"Center risky (0.5), moving to safest: Left (0.5)",person(dynamic_obstacles | d:1.62m | r:1.74); laptop(unknown | d:10.00m | r:0.05)
1775717681.922575,15,MOVE_FORWARD,Center is lowest risk (0.5),person(dynamic_obstacles | d:1.60m | r:1.77); laptop(unknown | d:10.00m | r:0.05); mouse(unknown | d:10.00m | r:0.05)
1775717683.8612528,16,TURN_LEFT,"Center risky (3.2), moving to safest: Left (0.3)",person(dynamic_obstacles | d:1.15m | r:2.41); mouse(unknown | d:2.68m | r:0.18); laptop(unknown | d:3.09m | r:0.16)
1775717688.0530124,17,TURN_RIGHT,"Center risky (0.5), moving to safest: Right (0.4)",None
